,first_name,last_name,address,city,county,state,phone1,phone2,email,qtr1,qtr2,qtr3,qtr4,Median
0,James,Butt,6649 N Blue Gum St,New Orleans,Orleans,LA,504-621-8927,504-845-1427,jbutt@gmail.com,83,78,88,96,85.5
1,Josephine,Darakjy,4 B Blue Ridge Blvd,Brighton,Livingston,MI,810-292-9388,810-374-9840,josephine_darakjy@darakjy.org,96,85,75,77,81.0
2,Art,Venere,8 W Cerritos Ave #54,Bridgeport,Gloucester,NJ,856-636-8749,856-264-4130,art@venere.org,84,96,84,74,84.0
3,Lenna,Paprocki,639 Main St,Anchorage,Anchorage,AK,907-385-4412,907-921-2010,lpaprocki@hotmail.com,97,86,79,79,82.5
4,Donette,Foller,34 Center St,Hamilton,Butler,OH,513-570-1893,513-549-4561,donette.foller@cox.net,84,90,98,75,87.0
5,Simona,Morasca,3 Mcauley Dr,Ashland,Ashland,OH,419-503-2484,419-800-6759,simona@morasca.com,91,83,92,74,87.0
6,Mitsue,Tollner,7 Eads St,Chicago,Cook,IL,773-573-6914,773-924-8565,mitsue_tollner@yahoo.com,85,89,74,92,87.0
7,Leota,Dilliard,7 W Jackson Blvd,San Jose,Santa Clara,CA,408-752-3500,408-813-1105,leota@hotmail.com,91,93,93,90,92.0
8,Sage,Wieser,5 Boston Ave #88,Sioux Falls,Minnehaha,SD,605-414-2147,605-794-4895,sage_wieser@cox.net,91,75,81,94,86.0
9,Kris,Marrier,228 Runamuck Pl #2808,Baltimore,Baltimore City,MD,410-655-8723,410-804-4694,kris@gmail.com,89,94,73,75,82.0
10,Minna,Amigon,2371 Jerrold Ave,Kulpsville,Montgomery,PA,215-874-1229,215-422-8694,minna_amigon@yahoo.com,75,79,97,94,86.5
11,Abel,Maclead,37275 St  Rt 17m M,Middle Island,Suffolk,NY,631-335-3414,631-677-3675,amaclead@gmail.com,81,84,80,76,80.5
12,Kiley,Caldarera,25 E 75th St #69,Los Angeles,Los Angeles,CA,310-498-5651,310-254-3084,kiley.caldarera@aol.com,74,77,86,85,81.0
13,Graciela,Ruta,98 Connecticut Ave Nw,Chagrin Falls,Geauga,OH,440-780-8425,440-579-7763,gruta@cox.net,76,96,73,90,83.0
14,Cammy,Albares,56 E Morehead St,Laredo,Webb,TX,956-537-6195,956-841-7216,calbares@gmail.com,87,94,81,83,85.0
15,Mattie,Poquette,73 State Road 434 E,Phoenix,Maricopa,AZ,602-277-4385,602-953-6360,mattie@aol.com,92,92,82,84,88.0
16,Meaghan,Garufi,69734 E Carrillo St,Mc Minnville,Warren,TN,931-313-9635,931-235-7959,meaghan@hotmail.com,93,92,88,83,90.0
17,Gladys,Rim,322 New Horizon Blvd,Milwaukee,Milwaukee,WI,414-661-9598,414-377-2880,gladys.rim@rim.org,85,73,92,73,79.0
18,Yuki,Whobrey,1 State Route 27,Taylor,Wayne,MI,313-288-7937,313-341-4470,yuki_whobrey@aol.com,84,87,83,77,83.5
19,Fletcher,Flosi,394 Manchester Blvd,Rockford,Winnebago,IL,815-828-2147,815-426-5657,fletcher.flosi@yahoo.com,84,74,86,90,85.0
20,Bette,Nicka,6 S 33rd St,Aston,Delaware,PA,610-545-3615,610-492-4643,bette_nicka@cox.net,87,89,98,81,88.0
21,Veronika,Inouye,6 Greenleaf Ave,San Jose,Santa Clara,CA,408-540-1785,408-813-4592,vinouye@aol.com,77,95,84,86,85.0
22,Willard,Kolmetz,618 W Yakima Ave,Irving,Dallas,TX,972-303-9197,972-896-4882,willard@hotmail.com,92,83,80,93,87.5
23,Maryann,Royster,74 S Westgate St,Albany,Albany,NY,518-966-7987,518-448-8982,mroyster@royster.com,90,94,89,77,89.5
24,Alisha,Slusarski,3273 State St,Middlesex,Middlesex,NJ,732-658-3154,732-635-3453,alisha@slusarski.com,98,88,75,88,88.0
25,Allene,Iturbide,1 Central Ave,Stevens Point,Portage,WI,715-662-6764,715-530-9863,allene_iturbide@cox.net,81,91,79,91,86.0
26,Chanel,Caudy,86 Nw 66th St #8673,Shawnee,Johnson,KS,913-388-2079,913-899-1103,chanel.caudy@caudy.org,98,79,76,89,84.0
27,Ezekiel,Chui,2 Cedar Ave #84,Easton,Talbot,MD,410-669-1642,410-235-8738,ezekiel@chui.com,74,96,76,91,83.5
28,Willow,Kusko,90991 Thorburn Ave,New York,New York,NY,212-582-4976,212-934-5167,wkusko@yahoo.com,86,90,75,90,88.0
29,Bernardo,Figeroa,386 9th Ave N,Conroe,Montgomery,TX,936-336-3951,936-597-3614,bfigeroa@aol.com,98,77,89,88,88.5
30,Ammie,Corrio,74874 Atlantic Ave,Columbus,Franklin,OH,614-801-9788,614-648-3265,ammie@corrio.com,89,86,77,97,87.5
31,Francine,Vocelka,366 South Dr,Las Cruces,Dona Ana,NM,505-977-3911,505-335-5293,francine_vocelka@vocelka.com,77,87,74,85,81.0
32,Ernie,Stenseth,45 E Liberty St,Ridgefield Park,Bergen,NJ,201-709-6245,201-387-9093,ernie_stenseth@aol.com,95,79,90,78,84.5
33,Albina,Glick,4 Ralph Ct,Dunellen,Middlesex,NJ,732-924-7882,732-782-6701,albina@glick.com,81,84,79,90,82.5
34,Alishia,Sergi,2742 Distribution Way,New York,New York,NY,212-860-1579,212-753-2740,asergi@gmail.com,86,91,89,86,87.5
35,Solange,Shinko,426 Wolf St,Metairie,Jefferson,LA,504-979-9175,504-265-8174,solange@shinko.com,77,93,82,78,80.0
36,Jose,Stockham,128 Bransten Rd,New York,New York,NY,212-675-8570,212-569-4233,jose@yahoo.com,81,78,96,89,85.0
37,Rozella,Ostrosky,17 Morena Blvd,Camarillo,Ventura,CA,805-832-6163,805-609-1531,rozella.ostrosky@ostrosky.com,91,74,94,94,92.5
38,Valentine,Gillian,775 W 17th St,San Antonio,Bexar,TX,210-812-9597,210-300-6244,valentine_gillian@gmail.com,94,75,79,96,86.5
39,Kati,Rulapaugh,6980 Dorsett Rd,Abilene,Dickinson,KS,785-463-7829,785-219-7724,kati.rulapaugh@hotmail.com,85,75,90,92,87.5
40,Youlanda,Schemmer,2881 Lewis Rd,Prineville,Crook,OR,541-548-8197,541-993-2611,youlanda@aol.com,93,80,88,74,84.0
41,Dyan,Oldroyd,7219 Woodfield Rd,Overland Park,Johnson,KS,913-413-4604,913-645-8918,doldroyd@aol.com,80,84,77,83,81.5
42,Roxane,Campain,1048 Main St,Fairbanks,Fairbanks North Star,AK,907-231-4722,907-335-6568,roxane@hotmail.com,83,77,82,84,82.5
43,Lavera,Perin,678 3rd Ave,Miami,Miami-Dade,FL,305-606-7291,305-995-2078,lperin@perin.org,91,95,79,77,85.0
44,Erick,Ferencz,20 S Babcock St,Fairbanks,Fairbanks North Star,AK,907-741-1044,907-227-6777,erick.ferencz@aol.com,89,78,79,90,84.0
45,Fatima,Saylors,2 Lighthouse Ave,Hopkins,Hennepin,MN,952-768-2416,952-479-2375,fsaylors@saylors.org,98,74,87,97,92.0
46,Jina,Briddick,38938 Park Blvd,Boston,Suffolk,MA,617-399-5124,617-997-5771,jina_briddick@briddick.com,73,91,88,95,89.5
47,Kanisha,Waycott,5 Tomahawk Dr,Los Angeles,Los Angeles,CA,323-453-2780,323-315-7314,kanisha_waycott@yahoo.com,83,89,83,91,86.0
48,Emerson,Bowley,762 S Main St,Madison,Dane,WI,608-336-7444,608-658-7940,emerson.bowley@bowley.org,82,88,95,74,85.0
49,Blair,Malet,209 Decker Dr,Philadelphia,Philadelphia,PA,215-907-9111,215-794-4519,bmalet@yahoo.com,91,76,84,87,85.5
50,Brock,Bolognia,4486 W O St #1,New York,New York,NY,212-402-9216,212-617-5063,bbolognia@yahoo.com,90,84,87,83,85.5
51,Lorrie,Nestle,39 S 7th St,Tullahoma,Coffee,TN,931-875-6644,931-303-6041,lnestle@hotmail.com,94,90,97,84,92.0
52,Sabra,Uyetake,98839 Hawthorne Blvd #6101,Columbia,Richland,SC,803-925-5213,803-681-3678,sabra@uyetake.org,91,87,89,98,90.0
53,Marjory,Mastella,71 San Mateo Ave,Wayne,Delaware,PA,610-814-5533,610-379-7125,mmastella@mastella.com,78,85,89,97,87.0
54,Karl,Klonowski,76 Brooks St #9,Flemington,Hunterdon,NJ,908-877-6135,908-470-4661,karl_klonowski@yahoo.com,80,95,76,97,87.5
55,Tonette,Wenner,4545 Courthouse Rd,Westbury,Nassau,NY,516-968-6051,516-333-4861,twenner@aol.com,74,89,91,77,83.0
56,Amber,Monarrez,14288 Foster Ave #4121,Jenkintown,Montgomery,PA,215-934-8655,215-329-6386,amber_monarrez@monarrez.org,91,80,86,84,85.0
57,Shenika,Seewald,4 Otis St,Van Nuys,Los Angeles,CA,818-423-4007,818-749-8650,shenika@gmail.com,98,83,92,75,87.5
58,Delmy,Ahle,65895 S 16th St,Providence,Providence,RI,401-458-2547,401-559-8961,delmy.ahle@hotmail.com,97,89,81,76,85.0
59,Deeanna,Juhas,14302 Pennsylvania Ave,Huntingdon Valley,Montgomery,PA,215-211-9589,215-417-9563,deeanna_juhas@gmail.com,77,98,95,89,92.0
60,Blondell,Pugh,201 Hawk Ct,Providence,Providence,RI,401-960-8259,401-300-8122,bpugh@aol.com,82,80,83,81,81.5
61,Jamal,Vanausdal,53075 Sw 152nd Ter #615,Monroe Township,Middlesex,NJ,732-234-1546,732-904-2931,jamal@vanausdal.org,89,87,89,77,88.0
62,Cecily,Hollack,59 N Groesbeck Hwy,Austin,Travis,TX,512-486-3817,512-861-3814,cecily@hollack.org,73,76,96,91,83.5
63,Carmelina,Lindall,2664 Lewis Rd,Littleton,Douglas,CO,303-724-7371,303-874-5160,carmelina_lindall@lindall.com,93,73,78,98,85.5
64,Maurine,Yglesias,59 Shady Ln #53,Milwaukee,Milwaukee,WI,414-748-1374,414-573-7719,maurine_yglesias@yglesias.com,80,88,85,88,86.5
65,Tawna,Buvens,3305 Nabell Ave #679,New York,New York,NY,212-674-9610,212-462-9157,tawna@gmail.com,97,85,78,83,84.0
66,Penney,Weight,18 Fountain St,Anchorage,Anchorage,AK,907-797-9628,907-873-2882,penney_weight@aol.com,75,80,98,93,86.5
67,Elly,Morocco,7 W 32nd St,Erie,Erie,PA,814-393-5571,814-420-3553,elly_morocco@gmail.com,74,90,94,82,86.0
68,Ilene,Eroman,2853 S Central Expy,Glen Burnie,Anne Arundel,MD,410-914-9018,410-937-4543,ilene.eroman@hotmail.com,95,97,89,90,92.5
69,Vallie,Mondella,74 W College St,Boise,Ada,ID,208-862-5339,208-737-8439,vmondella@mondella.com,82,84,87,95,85.5
70,Kallie,Blackwood,701 S Harrison Rd,San Francisco,San Francisco,CA,415-315-2761,415-604-7609,kallie.blackwood@gmail.com,79,96,89,87,88.0
71,Johnetta,Abdallah,1088 Pinehurst St,Chapel Hill,Orange,NC,919-225-9345,919-715-3791,johnetta_abdallah@aol.com,82,74,91,77,79.5
72,Bobbye,Rhym,30 W 80th St #1995,San Carlos,San Mateo,CA,650-528-5783,650-811-9032,brhym@rhym.com,97,95,76,92,93.5
73,Micaela,Rhymes,20932 Hedley St,Concord,Contra Costa,CA,925-647-3298,925-522-7798,micaela_rhymes@gmail.com,86,87,84,96,86.5
74,Tamar,Hoogland,2737 Pistorio Rd #9230,London,Madison,OH,740-343-8575,740-526-5410,tamar@hotmail.com,74,92,78,84,81.0
75,Moon,Parlato,74989 Brandon St,Wellsville,Allegany,NY,585-866-8313,585-498-4278,moon@yahoo.com,83,86,79,78,81.0
76,Laurel,Reitler,6 Kains Ave,Baltimore,Baltimore City,MD,410-520-4832,410-957-6903,laurel_reitler@reitler.com,93,92,76,83,87.5
77,Delisa,Crupi,47565 W Grand Ave,Newark,Essex,NJ,973-354-2040,973-847-9611,delisa.crupi@crupi.com,97,95,94,96,95.5
78,Viva,Toelkes,4284 Dorigo Ln,Chicago,Cook,IL,773-446-5569,773-352-3437,viva.toelkes@gmail.com,91,75,75,88,81.5
79,Elza,Lipke,6794 Lake Dr E,Newark,Essex,NJ,973-927-3447,973-796-3667,elza@yahoo.com,78,90,75,86,82.0
80,Devorah,Chickering,31 Douglas Blvd #950,Clovis,Curry,NM,505-975-8559,505-950-1763,devorah@hotmail.com,78,97,84,90,87.0
81,Timothy,Mulqueen,44 W 4th St,Staten Island,Richmond,NY,718-332-6527,718-654-7063,timothy_mulqueen@mulqueen.org,82,77,73,84,79.5
82,Arlette,Honeywell,11279 Loytan St,Jacksonville,Duval,FL,904-775-4480,904-514-9918,ahoneywell@honeywell.com,76,81,74,81,78.5
83,Dominque,Dickerson,69 Marquette Ave,Hayward,Alameda,CA,510-993-3758,510-901-7640,dominque.dickerson@dickerson.org,77,92,96,88,90.0
84,Lettie,Isenhower,70 W Main St,Beachwood,Cuyahoga,OH,216-657-7668,216-733-8494,lettie_isenhower@yahoo.com,85,96,82,90,87.5
85,Myra,Munns,461 Prospect Pl #316,Euless,Tarrant,TX,817-914-7518,817-451-3518,mmunns@cox.net,85,96,88,92,90.0
86,Stephaine,Barfield,47154 Whipple Ave Nw,Gardena,Los Angeles,CA,310-774-7643,310-968-1219,stephaine@barfield.com,96,91,96,94,95.0
87,Lai,Gato,37 Alabama Ave,Evanston,Cook,IL,847-728-7286,847-957-4614,lai.gato@gato.org,94,81,77,88,84.5
88,Stephen,Emigh,3777 E Richmond St #900,Akron,Summit,OH,330-537-5358,330-700-2312,stephen_emigh@hotmail.com,95,98,94,85,94.5
89,Tyra,Shields,3 Fort Worth Ave,Philadelphia,Philadelphia,PA,215-255-1641,215-228-8264,tshields@gmail.com,90,97,97,95,96.0
90,Tammara,Wardrip,4800 Black Horse Pike,Burlingame,San Mateo,CA,650-803-1936,650-216-5075,twardrip@cox.net,78,73,78,89,78.0
91,Cory,Gibes,83649 W Belmont Ave,San Gabriel,Los Angeles,CA,626-572-1096,626-696-2777,cory.gibes@gmail.com,74,86,93,82,84.0
92,Danica,Bruschke,840 15th Ave,Waco,McLennan,TX,254-782-8569,254-205-1422,danica_bruschke@gmail.com,85,81,74,92,83.0
93,Wilda,Giguere,1747 Calle Amanecer #2,Anchorage,Anchorage,AK,907-870-5536,907-914-9482,wilda@cox.net,83,79,90,95,86.5
94,Elvera,Benimadho,99385 Charity St #840,San Jose,Santa Clara,CA,408-703-8505,408-440-8447,elvera.benimadho@cox.net,74,83,98,73,78.5
95,Carma,Vanheusen,68556 Central Hwy,San Leandro,Alameda,CA,510-503-7169,510-452-4835,carma@cox.net,86,89,81,97,87.5
96,Malinda,Hochard,55 Riverside Ave,Indianapolis,Marion,IN,317-722-5066,317-472-2412,malinda.hochard@yahoo.com,81,74,83,84,82.0
97,Natalie,Fern,7140 University Ave,Rock Springs,Sweetwater,WY,307-704-8713,307-279-3793,natalie.fern@hotmail.com,92,76,84,77,80.5
98,Lisha,Centini,64 5th Ave #1153,Mc Lean,Fairfax,VA,703-235-3937,703-475-7568,lisha@centini.org,93,87,81,73,84.0
99,Arlene,Klusman,3 Secor Rd,New Orleans,Orleans,LA,504-710-5840,504-946-1807,arlene_klusman@gmail.com,83,93,84,75,83.5
100,Alease,Buemi,4 Webbs Chapel Rd,Boulder,Boulder,CO,303-301-4946,303-521-9860,alease@buemi.com,78,76,93,88,83.0
101,Louisa,Cronauer,524 Louisiana Ave Nw,San Leandro,Alameda,CA,510-828-7047,510-472-7758,louisa@cronauer.com,80,85,77,85,82.5
102,Angella,Cetta,185 Blackstone Bldge,Honolulu,Honolulu,HI,808-892-7943,808-475-2310,angella.cetta@hotmail.com,93,88,90,98,91.5
103,Cyndy,Goldammer,170 Wyoming Ave,Burnsville,Dakota,MN,952-334-9408,952-938-9457,cgoldammer@cox.net,92,95,94,92,93.0
104,Rosio,Cork,4 10th St W,High Point,Guilford,NC,336-243-5659,336-497-4407,rosio.cork@gmail.com,80,96,74,74,77.0
105,Celeste,Korando,7 W Pinhook Rd,Lynbrook,Nassau,NY,516-509-2347,516-365-7266,ckorando@hotmail.com,80,84,81,91,82.5
106,Twana,Felger,1 Commerce Way,Portland,Washington,OR,503-939-3153,503-909-7167,twana.felger@felger.org,80,86,80,78,80.0
107,Estrella,Samu,64 Lakeview Ave,Beloit,Rock,WI,608-976-7199,608-942-8836,estrella@aol.com,89,86,92,97,90.5
108,Donte,Kines,3 Aspen St,Worcester,Worcester,MA,508-429-8576,508-843-1426,dkines@hotmail.com,94,97,94,79,94.0
109,Tiffiny,Steffensmeier,32860 Sierra Rd,Miami,Miami-Dade,FL,305-385-9695,305-304-6573,tiffiny_steffensmeier@cox.net,98,83,96,86,91.0
110,Edna,Miceli,555 Main St,Erie,Erie,PA,814-460-2655,814-299-2877,emiceli@miceli.org,75,94,97,85,89.5
111,Sue,Kownacki,2 Se 3rd Ave,Mesquite,Dallas,TX,972-666-3413,972-742-4000,sue@aol.com,95,82,86,96,90.5
112,Jesusa,Shin,2239 Shawnee Mission Pky,Tullahoma,Coffee,TN,931-273-8709,931-739-1551,jshin@shin.com,93,75,90,74,82.5
113,Rolland,Francescon,2726 Charcot Ave,Paterson,Passaic,NJ,973-649-2922,973-284-4048,rolland@cox.net,75,86,73,89,80.5
114,Pamella,Schmierer,5161 Dorsett Rd,Homestead,Miami-Dade,FL,305-420-8970,305-575-8481,pamella.schmierer@schmierer.org,98,85,82,92,88.5
115,Glory,Kulzer,55892 Jacksonville Rd,Owings Mills,Baltimore,MD,410-224-9462,410-916-8015,gkulzer@kulzer.org,88,78,73,73,75.5
116,Shawna,Palaspas,5 N Cleveland Massillon Rd,Thousand Oaks,Ventura,CA,805-275-3566,805-638-6617,shawna_palaspas@palaspas.org,73,78,93,75,76.5
117,Brandon,Callaro,7 Benton Dr,Honolulu,Honolulu,HI,808-215-6832,808-240-5168,brandon_callaro@hotmail.com,85,88,82,95,86.5
118,Scarlet,Cartan,9390 S Howell Ave,Albany,Dougherty,GA,229-735-3378,229-365-9658,scarlet.cartan@yahoo.com,93,95,74,84,88.5
119,Oretha,Menter,8 County Center Dr #647,Boston,Suffolk,MA,617-418-5043,617-697-6024,oretha_menter@yahoo.com,84,81,73,91,82.5
120,Ty,Smith,4646 Kaahumanu St,Hackensack,Bergen,NJ,201-672-1553,201-995-3149,tsmith@aol.com,79,74,87,94,83.0
121,Xuan,Rochin,2 Monroe St,San Mateo,San Mateo,CA,650-933-5072,650-247-2625,xuan@gmail.com,74,84,80,89,82.0
122,Lindsey,Dilello,52777 Leaders Heights Rd,Ontario,San Bernardino,CA,909-639-9887,909-589-1693,lindsey.dilello@hotmail.com,78,76,83,91,80.5
123,Devora,Perez,72868 Blackington Ave,Oakland,Alameda,CA,510-955-3016,510-755-9274,devora_perez@perez.org,80,89,82,78,81.0
124,Herman,Demesa,9 Norristown Rd,Troy,Rensselaer,NY,518-497-2940,518-931-7852,hdemesa@cox.net,92,87,96,75,89.5
125,Rory,Papasergi,83 County Road 437 #8581,Clarks Summit,Lackawanna,PA,570-867-7489,570-469-8401,rpapasergi@cox.net,83,93,80,80,81.5
126,Talia,Riopelle,1 N Harlem Ave #9,Orange,Essex,NJ,973-245-2133,973-818-9788,talia_riopelle@aol.com,76,81,89,97,85.0
127,Van,Shire,90131 J St,Pittstown,Hunterdon,NJ,908-409-2890,908-448-1209,van.shire@shire.com,97,86,81,74,83.5
128,Lucina,Lary,8597 W National Ave,Cocoa,Brevard,FL,321-749-4981,321-632-4668,lucina_lary@cox.net,90,77,76,81,79.0
129,Bok,Isaacs,6 Gilson St,Bronx,Bronx,NY,718-809-3762,718-478-8568,bok.isaacs@aol.com,86,87,92,91,89.0
130,Rolande,Spickerman,65 W Maple Ave,Pearl City,Honolulu,HI,808-315-3077,808-526-5863,rolande.spickerman@spickerman.com,85,87,92,93,89.5
131,Howard,Paulas,866 34th Ave,Denver,Denver,CO,303-623-4241,303-692-3118,hpaulas@gmail.com,81,94,78,79,80.0
132,Kimbery,Madarang,798 Lund Farm Way,Rockaway,Morris,NJ,973-310-1634,973-225-6259,kimbery_madarang@cox.net,96,93,94,84,93.5
133,Thurman,Manno,9387 Charcot Ave,Absecon,Atlantic,NJ,609-524-3586,609-234-8376,thurman.manno@yahoo.com,94,94,91,77,92.5
134,Becky,Mirafuentes,30553 Washington Rd,Plainfield,Union,NJ,908-877-8409,908-426-8272,becky.mirafuentes@mirafuentes.com,73,79,77,97,78.0
135,Beatriz,Corrington,481 W Lemon St,Middleboro,Plymouth,MA,508-584-4279,508-315-3867,beatriz@yahoo.com,92,86,97,87,89.5
136,Marti,Maybury,4 Warehouse Point Rd #7,Chicago,Cook,IL,773-775-4522,773-539-1058,marti.maybury@yahoo.com,98,77,75,89,83.0
137,Nieves,Gotter,4940 Pulaski Park Dr,Portland,Multnomah,OR,503-527-5274,503-455-3094,nieves_gotter@gmail.com,91,78,96,83,87.0
138,Leatha,Hagele,627 Walford Ave,Dallas,Dallas,TX,214-339-1809,214-225-5850,lhagele@cox.net,81,90,86,86,86.0
139,Valentin,Klimek,137 Pioneer Way,Chicago,Cook,IL,312-303-5453,312-512-2338,vklimek@klimek.org,86,92,94,76,89.0
140,Melissa,Wiklund,61 13 Stoneridge #835,Findlay,Hancock,OH,419-939-3613,419-254-4591,melissa@cox.net,83,94,86,91,88.5
141,Sheridan,Zane,2409 Alabama Rd,Riverside,Riverside,CA,951-645-3605,951-248-6822,sheridan.zane@zane.com,98,91,85,95,93.0
142,Bulah,Padilla,8927 Vandever Ave,Waco,McLennan,TX,254-463-4368,254-816-8417,bulah_padilla@hotmail.com,81,78,92,96,86.5
143,Audra,Kohnert,134 Lewis Rd,Nashville,Davidson,TN,615-406-7854,615-448-9249,audra@kohnert.com,98,98,84,77,91.0
144,Daren,Weirather,9 N College Ave #3,Milwaukee,Milwaukee,WI,414-959-2540,414-838-3151,dweirather@aol.com,85,90,74,82,83.5
145,Fernanda,Jillson,60480 Old Us Highway 51,Preston,Caroline,MD,410-387-5260,410-724-6472,fjillson@aol.com,88,78,87,73,82.5
146,Gearldine,Gellinger,4 Bloomfield Ave,Irving,Dallas,TX,972-934-6914,972-821-7118,gearldine_gellinger@gellinger.com,93,96,87,85,90.0
147,Chau,Kitzman,429 Tiger Ln,Beverly Hills,Los Angeles,CA,310-560-8022,310-969-7230,chau@gmail.com,87,98,85,89,88.0
148,Theola,Frey,54169 N Main St,Massapequa,Nassau,NY,516-948-5768,516-357-3362,theola_frey@frey.com,94,75,73,81,78.0
149,Cheryl,Haroldson,92 Main St,Atlantic City,Atlantic,NJ,609-518-7697,609-263-9243,cheryl@haroldson.org,73,75,81,73,74.0
150,Laticia,Merced,72 Mannix Dr,Cincinnati,Hamilton,OH,513-508-7371,513-418-1566,lmerced@gmail.com,97,83,80,91,87.0
151,Carissa,Batman,12270 Caton Center Dr,Eugene,Lane,OR,541-326-4074,541-801-5717,carissa.batman@yahoo.com,86,93,80,91,88.5
152,Lezlie,Craghead,749 W 18th St #45,Smithfield,Johnston,NC,919-533-3762,919-885-2453,lezlie.craghead@craghead.org,91,95,73,74,82.5
153,Ozell,Shealy,8 Industry Ln,New York,New York,NY,212-332-8435,212-880-8865,oshealy@hotmail.com,83,74,89,85,84.0
154,Arminda,Parvis,1 Huntwood Ave,Phoenix,Maricopa,AZ,602-906-9419,602-277-3025,arminda@parvis.com,94,95,98,94,94.5
155,Reita,Leto,55262 N French Rd,Indianapolis,Marion,IN,317-234-1135,317-787-5514,reita.leto@gmail.com,78,82,84,81,81.5
156,Yolando,Luczki,422 E 21st St,Syracuse,Onondaga,NY,315-304-4759,315-640-6357,yolando@cox.net,78,79,80,95,79.5
157,Lizette,Stem,501 N 19th Ave,Cherry Hill,Camden,NJ,856-487-5412,856-702-3676,lizette.stem@aol.com,95,83,78,77,80.5
158,Gregoria,Pawlowicz,455 N Main Ave,Garden City,Nassau,NY,516-212-1915,516-376-4230,gpawlowicz@yahoo.com,74,91,98,82,86.5
159,Carin,Deleo,1844 Southern Blvd,Little Rock,Pulaski,AR,501-308-1040,501-409-6072,cdeleo@deleo.com,94,75,77,75,76.0
160,Chantell,Maynerich,2023 Greg St,Saint Paul,Ramsey,MN,651-591-2583,651-776-9688,chantell@yahoo.com,88,87,98,98,93.0
161,Dierdre,Yum,63381 Jenks Ave,Philadelphia,Philadelphia,PA,215-325-3042,215-346-4666,dyum@yahoo.com,89,83,73,91,86.0
162,Larae,Gudroe,6651 Municipal Rd,Houma,Terrebonne,LA,985-890-7262,985-261-5783,larae_gudroe@gmail.com,74,76,96,88,82.0
163,Latrice,Tolfree,81 Norris Ave #525,Ronkonkoma,Suffolk,NY,631-957-7624,631-998-2102,latrice.tolfree@hotmail.com,82,94,81,90,86.0
164,Kerry,Theodorov,6916 W Main St,Sacramento,Sacramento,CA,916-591-3277,916-770-7448,kerry.theodorov@gmail.com,95,95,94,79,94.5
165,Dorthy,Hidvegi,9635 S Main St,Boise,Ada,ID,208-649-2373,208-690-3315,dhidvegi@yahoo.com,89,89,77,77,83.0
166,Fannie,Lungren,17 Us Highway 111,Round Rock,Williamson,TX,512-587-5746,512-528-9933,fannie.lungren@yahoo.com,79,94,93,92,92.5
167,Evangelina,Radde,992 Civic Center Dr,Philadelphia,Philadelphia,PA,215-964-3284,215-417-5612,evangelina@aol.com,81,92,82,98,87.0
168,Novella,Degroot,303 N Radcliffe St,Hilo,Hawaii,HI,808-477-4775,808-746-1865,novella_degroot@degroot.org,78,84,86,85,84.5
169,Clay,Hoa,73 Saint Ann St #86,Reno,Washoe,NV,775-501-8109,775-848-9135,choa@hoa.org,81,78,78,95,79.5
170,Jennifer,Fallick,44 58th St,Wheeling,Cook,IL,847-979-9545,847-800-3054,jfallick@yahoo.com,90,84,91,83,87.0
171,Irma,Wolfgramm,9745 W Main St,Randolph,Morris,NJ,973-545-7355,973-868-8660,irma.wolfgramm@hotmail.com,92,88,91,90,90.5
172,Eun,Coody,84 Bloomfield Ave,Spartanburg,Spartanburg,SC,864-256-3620,864-594-4578,eun@yahoo.com,95,94,74,79,86.5
173,Sylvia,Cousey,287 Youngstown Warren Rd,Hampstead,Carroll,MD,410-209-9545,410-863-8263,sylvia_cousey@cousey.org,73,84,73,74,73.5
174,Nana,Wrinkles,6 Van Buren St,Mount Vernon,Westchester,NY,914-855-2115,914-796-3775,nana@aol.com,85,96,85,97,90.5
175,Layla,Springe,229 N Forty Driv,New York,New York,NY,212-260-3151,212-253-7448,layla.springe@cox.net,75,96,92,90,91.0
176,Joesph,Degonia,2887 Knowlton St #5435,Berkeley,Alameda,CA,510-677-9785,510-942-5916,joesph_degonia@degonia.org,75,93,83,76,79.5
177,Annabelle,Boord,523 Marquette Ave,Concord,Middlesex,MA,978-697-6263,978-289-7717,annabelle.boord@cox.net,83,94,79,87,85.0
178,Stephaine,Vinning,3717 Hamann Industrial Pky,San Francisco,San Francisco,CA,415-767-6596,415-712-9530,stephaine@cox.net,78,94,87,87,87.0
179,Nelida,Sawchuk,3 State Route 35 S,Paramus,Bergen,NJ,201-971-1638,201-247-8925,nelida@gmail.com,76,98,96,76,86.0
180,Marguerita,Hiatt,82 N Highway 67,Oakley,Contra Costa,CA,925-634-7158,925-541-8521,marguerita.hiatt@gmail.com,92,86,79,76,82.5
181,Carmela,Cookey,9 Murfreesboro Rd,Chicago,Cook,IL,773-494-4195,773-297-9391,ccookey@cookey.org,78,89,96,81,85.0
182,Junita,Brideau,6 S Broadway St,Cedar Grove,Essex,NJ,973-943-3423,973-582-5469,jbrideau@aol.com,79,96,83,75,81.0
183,Claribel,Varriano,6 Harry L Dr #6327,Perrysburg,Wood,OH,419-544-4900,419-573-2033,claribel_varriano@cox.net,84,82,73,89,83.0
184,Benton,Skursky,47939 Porter Ave,Gardena,Los Angeles,CA,310-579-2907,310-694-8466,benton.skursky@aol.com,73,83,91,94,87.0
185,Hillary,Skulski,9 Wales Rd Ne #914,Homosassa,Citrus,FL,352-242-2570,352-990-5946,hillary.skulski@aol.com,75,91,96,75,83.0
186,Merilyn,Bayless,195 13n N,Santa Clara,Santa Clara,CA,408-758-5015,408-346-2180,merilyn_bayless@cox.net,98,93,95,91,94.0
187,Teri,Ennaco,99 Tank Farm Rd,Hazleton,Luzerne,PA,570-889-5187,570-355-1665,tennaco@gmail.com,75,84,98,97,90.5
188,Merlyn,Lawler,4671 Alemany Blvd,Jersey City,Hudson,NJ,201-588-7810,201-858-9960,merlyn_lawler@hotmail.com,80,96,91,78,85.5
189,Georgene,Montezuma,98 University Dr,San Ramon,Contra Costa,CA,925-615-5185,925-943-3449,gmontezuma@cox.net,75,96,93,86,89.5
190,Jettie,Mconnell,50 E Wacker Dr,Bridgewater,Somerset,NJ,908-802-3564,908-602-5258,jmconnell@hotmail.com,88,76,73,73,74.5
191,Lemuel,Latzke,70 Euclid Ave #722,Bohemia,Suffolk,NY,631-748-6479,631-291-4976,lemuel.latzke@gmail.com,88,91,94,88,89.5
192,Melodie,Knipp,326 E Main St #6496,Thousand Oaks,Ventura,CA,805-690-1682,805-810-8964,mknipp@gmail.com,81,95,97,78,88.0
193,Candida,Corbley,406 Main St,Somerville,Somerset,NJ,908-275-8357,908-943-6103,candida_corbley@hotmail.com,90,74,95,85,87.5
194,Karan,Karpin,3 Elmwood Dr,Beaverton,Washington,OR,503-940-8327,503-707-5812,karan_karpin@gmail.com,84,96,96,77,90.0
195,Andra,Scheyer,9 Church St,Salem,Marion,OR,503-516-2189,503-950-3068,andra@gmail.com,96,95,78,97,95.5
196,Felicidad,Poullion,9939 N 14th St,Riverton,Burlington,NJ,856-305-9731,856-828-6021,fpoullion@poullion.com,85,95,73,94,89.5
197,Belen,Strassner,5384 Southwyck Blvd,Douglasville,Douglas,GA,770-507-8791,770-802-4003,belen_strassner@aol.com,81,95,85,98,90.0
198,Gracia,Melnyk,97 Airport Loop Dr,Jacksonville,Duval,FL,904-235-3633,904-627-4341,gracia@melnyk.com,86,94,97,92,93.0
199,Jolanda,Hanafan,37855 Nolan Rd,Bangor,Penobscot,ME,207-458-9196,207-233-6185,jhanafan@gmail.com,88,89,79,97,88.5
200,Barrett,Toyama,4252 N Washington Ave #9,Kennedale,Tarrant,TX,817-765-5781,817-577-6151,barrett.toyama@toyama.org,82,85,87,93,86.0
201,Helga,Fredicks,42754 S Ash Ave,Buffalo,Erie,NY,716-752-4114,716-854-9845,helga_fredicks@yahoo.com,97,96,95,93,95.5
202,Ashlyn,Pinilla,703 Beville Rd,Opa Locka,Miami-Dade,FL,305-670-9628,305-857-5489,apinilla@cox.net,74,86,76,87,81.0
203,Fausto,Agramonte,5 Harrison Rd,New York,New York,NY,212-313-1783,212-778-3063,fausto_agramonte@yahoo.com,84,77,79,97,81.5
204,Ronny,Caiafa,73 Southern Blvd,Philadelphia,Philadelphia,PA,215-605-7570,215-511-3531,ronny.caiafa@caiafa.org,93,92,94,76,92.5
205,Marge,Limmel,189 Village Park Rd,Crestview,Okaloosa,FL,850-430-1663,850-330-8079,marge@gmail.com,86,94,93,85,89.5
206,Norah,Waymire,6 Middlegate Rd #106,San Francisco,San Francisco,CA,415-306-7897,415-874-2984,norah.waymire@gmail.com,88,77,79,92,83.5
207,Aliza,Baltimore,1128 Delaware St,San Jose,Santa Clara,CA,408-504-3552,408-425-1994,aliza@aol.com,84,82,74,74,78.0
208,Mozell,Pelkowski,577 Parade St,South San Francisco,San Mateo,CA,650-947-1215,650-960-1069,mpelkowski@pelkowski.org,94,93,84,74,88.5
209,Viola,Bitsuie,70 Mechanic St,Northridge,Los Angeles,CA,818-864-4875,818-481-5787,viola@gmail.com,95,83,80,79,81.5
210,Franklyn,Emard,4379 Highway 116,Philadelphia,Philadelphia,PA,215-558-8189,215-483-3003,femard@emard.com,74,92,85,87,86.0
211,Willodean,Konopacki,55 Hawthorne Blvd,Lafayette,Lafayette,LA,337-253-8384,337-774-7564,willodean_konopacki@konopacki.org,75,87,79,94,83.0
212,Beckie,Silvestrini,7116 Western Ave,Dearborn,Wayne,MI,313-533-4884,313-390-7855,beckie.silvestrini@silvestrini.com,87,73,92,93,89.5
213,Rebecka,Gesick,2026 N Plankinton Ave #3,Austin,Travis,TX,512-213-8574,512-693-8345,rgesick@gesick.org,94,91,85,91,91.0
214,Frederica,Blunk,99586 Main St,Dallas,Dallas,TX,214-428-2285,214-529-1949,frederica_blunk@gmail.com,95,93,93,79,93.0
215,Glen,Bartolet,8739 Hudson St,Vashon,King,WA,206-697-5796,206-389-1482,glen_bartolet@hotmail.com,95,96,96,73,95.5
216,Freeman,Gochal,383 Gunderman Rd #197,Coatesville,Chester,PA,610-476-3501,610-752-2683,freeman_gochal@aol.com,81,95,75,80,80.5
217,Vincent,Meinerding,4441 Point Term Mkt,Philadelphia,Philadelphia,PA,215-372-1718,215-829-4221,vincent.meinerding@hotmail.com,82,84,76,76,79.0
218,Rima,Bevelacqua,2972 Lafayette Ave,Gardena,Los Angeles,CA,310-858-5079,310-499-4200,rima@cox.net,82,77,90,83,82.5
219,Glendora,Sarbacher,2140 Diamond Blvd,Rohnert Park,Sonoma,CA,707-653-8214,707-881-3154,gsarbacher@gmail.com,78,94,74,74,76.0
220,Avery,Steier,93 Redmond Rd #492,Orlando,Orange,FL,407-808-9439,407-945-8566,avery@cox.net,97,86,79,74,82.5
221,Cristy,Lother,3989 Portage Tr,Escondido,San Diego,CA,760-971-4322,760-465-4762,cristy@lother.com,92,93,82,82,87.0
222,Nicolette,Brossart,1 Midway Rd,Westborough,Worcester,MA,508-837-9230,508-504-6388,nicolette_brossart@brossart.com,92,91,81,75,86.0
223,Tracey,Modzelewski,77132 Coon Rapids Blvd Nw,Conroe,Montgomery,TX,936-264-9294,936-988-8171,tracey@hotmail.com,89,87,98,74,88.0
224,Virgina,Tegarden,755 Harbor Way,Milwaukee,Milwaukee,WI,414-214-8697,414-411-5744,virgina_tegarden@tegarden.com,82,86,82,85,83.5
225,Tiera,Frankel,87 Sierra Rd,El Monte,Los Angeles,CA,626-636-4117,626-638-4241,tfrankel@aol.com,94,91,73,76,83.5
226,Alaine,Bergesen,7667 S Hulen St #42,Yonkers,Westchester,NY,914-300-9193,914-654-1426,alaine_bergesen@cox.net,90,76,84,74,80.0
227,Earleen,Mai,75684 S Withlapopka Dr #32,Dallas,Dallas,TX,214-289-1973,214-785-6750,earleen_mai@cox.net,79,95,94,87,90.5
228,Leonida,Gobern,5 Elmwood Park Blvd,Biloxi,Harrison,MS,228-235-5615,228-432-4635,leonida@gobern.org,90,79,80,88,84.0
229,Ressie,Auffrey,23 Palo Alto Sq,Miami,Miami-Dade,FL,305-604-8981,305-287-4743,ressie.auffrey@yahoo.com,90,88,96,83,89.0
230,Justine,Mugnolo,38062 E Main St,New York,New York,NY,212-304-9225,212-311-6377,jmugnolo@yahoo.com,91,98,87,87,89.0
231,Eladia,Saulter,3958 S Dupont Hwy #7,Ramsey,Bergen,NJ,201-474-4924,201-365-8698,eladia@saulter.com,87,94,96,74,90.5
232,Chaya,Malvin,560 Civic Center Dr,Ann Arbor,Washtenaw,MI,734-928-5182,734-408-8174,chaya@malvin.com,89,97,93,91,92.0
233,Gwenn,Suffield,3270 Dequindre Rd,Deer Park,Suffolk,NY,631-258-6558,631-295-9879,gwenn_suffield@suffield.org,77,88,88,81,84.5
234,Salena,Karpel,1 Garfield Ave #7,Canton,Stark,OH,330-791-8557,330-618-2579,skarpel@cox.net,77,73,86,79,78.0
235,Yoko,Fishburne,9122 Carpenter Ave,New Haven,New Haven,CT,203-506-4706,203-840-8634,yoko@fishburne.com,77,95,97,89,92.0
236,Taryn,Moyd,48 Lenox St,Fairfax,Fairfax City,VA,703-322-4041,703-938-7939,taryn.moyd@hotmail.com,82,83,87,81,82.5
237,Katina,Polidori,5 Little River Tpke,Wilmington,Middlesex,MA,978-626-2978,978-679-7429,katina_polidori@aol.com,93,81,74,92,86.5
238,Rickie,Plumer,3 N Groesbeck Hwy,Toledo,Lucas,OH,419-693-1334,419-313-5571,rickie.plumer@aol.com,85,81,75,91,83.0
239,Alex,Loader,37 N Elm St #916,Tacoma,Pierce,WA,253-660-7821,253-875-9222,alex@loader.com,88,91,75,94,89.5
240,Lashon,Vizarro,433 Westminster Blvd #590,Roseville,Placer,CA,916-741-7884,916-289-4526,lashon@aol.com,98,80,73,80,80.0
241,Lauran,Burnard,66697 Park Pl #3224,Riverton,Fremont,WY,307-342-7795,307-453-7589,lburnard@burnard.com,76,85,88,90,86.5
242,Ceola,Setter,96263 Greenwood Pl,Warren,Knox,ME,207-627-7565,207-297-5029,ceola.setter@setter.org,75,75,87,87,81.0
243,My,Rantanen,8 Mcarthur Ln,Richboro,Bucks,PA,215-491-5633,215-647-2158,my@hotmail.com,89,97,97,76,93.0
244,Lorrine,Worlds,8 Fair Lawn Ave,Tampa,Hillsborough,FL,813-769-2939,813-863-6467,lorrine.worlds@worlds.com,96,90,84,91,90.5
245,Peggie,Sturiale,9 N 14th St,El Cajon,San Diego,CA,619-608-1763,619-695-8086,peggie@cox.net,77,96,83,88,85.5
246,Marvel,Raymo,9 Vanowen St,College Station,Brazos,TX,979-718-8968,979-809-5770,mraymo@yahoo.com,97,76,90,75,83.0
247,Daron,Dinos,18 Waterloo Geneva Rd,Highland Park,Lake,IL,847-233-3075,847-265-6609,daron_dinos@cox.net,93,93,94,90,93.0
248,An,Fritz,506 S Hacienda Dr,Atlantic City,Atlantic,NJ,609-228-5265,609-854-7156,an_fritz@hotmail.com,88,82,89,94,88.5
249,Portia,Stimmel,3732 Sherman Ave,Bridgewater,Somerset,NJ,908-722-7128,908-670-4712,portia.stimmel@aol.com,94,96,80,92,93.0
250,Rhea,Aredondo,25657 Live Oak St,Brooklyn,Kings,NY,718-560-9537,718-280-4183,rhea_aredondo@cox.net,91,73,81,78,79.5
251,Benedict,Sama,4923 Carey Ave,Saint Louis,Saint Louis City,MO,314-787-1588,314-858-4832,bsama@cox.net,94,88,78,81,84.5
252,Alyce,Arias,3196 S Rider Trl,Stockton,San Joaquin,CA,209-317-1801,209-242-7022,alyce@arias.org,75,84,77,78,77.5
253,Heike,Berganza,3 Railway Ave #75,Little Falls,Passaic,NJ,973-936-5095,973-822-8827,heike@gmail.com,79,95,87,84,85.5
254,Carey,Dopico,87393 E Highland Rd,Indianapolis,Marion,IN,317-578-2453,317-441-5848,carey_dopico@dopico.org,74,90,96,74,82.0
255,Dottie,Hellickson,67 E Chestnut Hill Rd,Seattle,King,WA,206-540-6076,206-295-5631,dottie@hellickson.org,97,76,95,92,93.5
256,Deandrea,Hughey,33 Lewis Rd #46,Burlington,Alamance,NC,336-822-7652,336-467-3095,deandrea@yahoo.com,93,91,95,74,92.0
257,Kimberlie,Duenas,8100 Jacksonville Rd #7,Hays,Ellis,KS,785-629-8542,785-616-1685,kimberlie_duenas@yahoo.com,81,98,82,76,81.5
258,Martina,Staback,7 W Wabansia Ave #227,Orlando,Orange,FL,407-471-6908,407-429-2145,martina_staback@staback.com,92,76,84,81,82.5
259,Skye,Fillingim,25 Minters Chapel Rd #9,Minneapolis,Hennepin,MN,612-508-2655,612-664-6304,skye_fillingim@yahoo.com,76,78,84,75,77.0
260,Jade,Farrar,6882 Torresdale Ave,Columbia,Richland,SC,803-352-5387,803-975-3405,jade.farrar@yahoo.com,77,93,95,94,93.5
261,Charlene,Hamilton,985 E 6th Ave,Santa Rosa,Sonoma,CA,707-300-1771,707-821-8037,charlene.hamilton@hotmail.com,94,95,95,88,94.5
262,Geoffrey,Acey,7 West Ave #1,Palatine,Cook,IL,847-222-1734,847-556-2909,geoffrey@gmail.com,96,75,81,89,85.0
263,Stevie,Westerbeck,26659 N 13th St,Costa Mesa,Orange,CA,949-867-4077,949-903-3898,stevie.westerbeck@yahoo.com,86,74,79,77,78.0
264,Pamella,Fortino,669 Packerland Dr #1438,Denver,Denver,CO,303-404-2210,303-794-1341,pamella@fortino.com,86,73,83,97,84.5
265,Harrison,Haufler,759 Eldora St,New Haven,New Haven,CT,203-801-6193,203-801-8497,hhaufler@hotmail.com,73,75,92,79,77.0
266,Johnna,Engelberg,5 S Colorado Blvd #449,Bothell,Snohomish,WA,425-986-7573,425-700-3751,jengelberg@engelberg.org,78,73,77,92,77.5
267,Buddy,Cloney,944 Gaither Dr,Strongsville,Cuyahoga,OH,440-989-5826,440-327-2093,buddy.cloney@yahoo.com,91,94,95,96,94.5
268,Dalene,Riden,66552 Malone Rd,Plaistow,Rockingham,NH,603-315-6839,603-745-7497,dalene.riden@aol.com,76,94,75,75,75.5
269,Jerry,Zurcher,77 Massillon Rd #822,Satellite Beach,Brevard,FL,321-518-5938,321-597-2159,jzurcher@zurcher.org,85,95,83,97,90.0
270,Haydee,Denooyer,25346 New Rd,New York,New York,NY,212-792-8658,212-782-3493,hdenooyer@denooyer.org,87,76,73,98,81.5
271,Joseph,Cryer,60 Fillmore Ave,Huntington Beach,Orange,CA,714-584-2237,714-698-2170,joseph_cryer@cox.net,75,89,94,93,91.0
272,Deonna,Kippley,57 Haven Ave #90,Southfield,Oakland,MI,248-913-4677,248-793-4966,deonna_kippley@hotmail.com,88,96,80,94,91.0
273,Raymon,Calvaresi,6538 E Pomona St #60,Indianapolis,Marion,IN,317-825-4724,317-342-1532,raymon.calvaresi@gmail.com,82,87,98,87,87.0
274,Alecia,Bubash,6535 Joyce St,Wichita Falls,Wichita,TX,940-276-7922,940-302-3036,alecia@aol.com,90,76,83,96,86.5
275,Ma,Layous,78112 Morris Ave,North Haven,New Haven,CT,203-721-3388,203-564-1543,mlayous@hotmail.com,81,88,87,87,87.0
276,Detra,Coyier,96950 Hidden Ln,Aberdeen,Harford,MD,410-739-9277,410-259-2118,detra@aol.com,98,82,92,78,87.0
277,Terrilyn,Rodeigues,3718 S Main St,New Orleans,Orleans,LA,504-463-4384,504-635-8518,terrilyn.rodeigues@cox.net,78,95,77,78,78.0
278,Salome,Lacovara,9677 Commerce Dr,Richmond,Richmond City,VA,804-550-5097,804-858-1011,slacovara@gmail.com,96,82,77,73,79.5
279,Garry,Keetch,5 Green Pond Rd #4,Southampton,Bucks,PA,215-979-8776,215-846-9046,garry_keetch@hotmail.com,87,74,75,92,81.0
280,Matthew,Neither,636 Commerce Dr #42,Shakopee,Scott,MN,952-651-7597,952-906-4597,mneither@yahoo.com,73,74,74,88,74.0
281,Theodora,Restrepo,42744 Hamann Industrial Pky #82,Miami,Miami-Dade,FL,305-936-8226,305-573-1085,theodora.restrepo@restrepo.com,93,86,84,96,89.5
282,Noah,Kalafatis,1950 5th Ave,Milwaukee,Milwaukee,WI,414-263-5287,414-660-9766,noah.kalafatis@aol.com,82,85,75,92,83.5
283,Carmen,Sweigard,61304 N French Rd,Somerset,Somerset,NJ,732-941-2621,732-445-6940,csweigard@sweigard.com,95,82,89,79,85.5
284,Lavonda,Hengel,87 Imperial Ct #79,Fargo,Cass,ND,701-898-2154,701-421-7080,lavonda@cox.net,94,97,75,87,90.5
285,Junita,Stoltzman,94 W Dodge Rd,Carson City,Carson City,NV,775-638-9963,775-578-1214,junita@aol.com,76,77,88,86,81.5
286,Herminia,Nicolozakes,4 58th St #3519,Scottsdale,Maricopa,AZ,602-954-5141,602-304-6433,herminia@nicolozakes.org,90,77,95,90,90.0
287,Casie,Good,5221 Bear Valley Rd,Nashville,Davidson,TN,615-390-2251,615-825-4297,casie.good@aol.com,93,95,97,77,94.0
288,Reena,Maisto,9648 S Main,Salisbury,Wicomico,MD,410-351-1863,410-951-2667,reena@hotmail.com,74,94,73,76,75.0
289,Mirta,Mallett,7 S San Marcos Rd,New York,New York,NY,212-870-1286,212-745-6948,mirta_mallett@gmail.com,91,73,83,81,82.0
290,Cathrine,Pontoriero,812 S Haven St,Amarillo,Randall,TX,806-703-1435,806-558-5848,cathrine.pontoriero@pontoriero.com,93,86,90,86,88.0
291,Filiberto,Tawil,3882 W Congress St #799,Los Angeles,Los Angeles,CA,323-765-2528,323-842-8226,ftawil@hotmail.com,88,77,75,86,81.5
292,Raul,Upthegrove,4 E Colonial Dr,La Mesa,San Diego,CA,619-509-5282,619-666-4765,rupthegrove@yahoo.com,88,97,93,89,91.0
293,Sarah,Candlish,45 2nd Ave #9759,Atlanta,Fulton,GA,770-732-1194,770-531-2842,sarah.candlish@gmail.com,90,82,90,81,86.0
294,Lucy,Treston,57254 Brickell Ave #372,Worcester,Worcester,MA,508-769-5250,508-502-5634,lucy@cox.net,93,82,97,85,89.0
295,Judy,Aquas,8977 Connecticut Ave Nw #3,Niles,Berrien,MI,269-756-7222,269-431-9464,jaquas@aquas.com,85,87,77,94,86.0
296,Yvonne,Tjepkema,9 Waydell St,Fairfield,Essex,NJ,973-714-1721,973-976-8627,yvonne.tjepkema@hotmail.com,90,79,85,81,83.0
297,Kayleigh,Lace,43 Huey P Long Ave,Lafayette,Lafayette,LA,337-740-9323,337-751-2326,kayleigh.lace@yahoo.com,89,77,87,98,88.0
298,Felix,Hirpara,7563 Cornwall Rd #4462,Denver,Lancaster,PA,717-491-5643,717-583-1497,felix_hirpara@cox.net,96,77,97,74,86.5
299,Tresa,Sweely,22 Bridle Ln,Valley Park,Saint Louis,MO,314-359-9566,314-231-3514,tresa_sweely@hotmail.com,96,78,98,94,95.0
300,Kristeen,Turinetti,70099 E North Ave,Arlington,Tarrant,TX,817-213-8851,817-947-9480,kristeen@gmail.com,73,73,89,92,81.0
301,Jenelle,Regusters,3211 E Northeast Loop,Tampa,Hillsborough,FL,813-932-8715,813-357-7296,jregusters@regusters.com,86,75,95,90,88.0
302,Renea,Monterrubio,26 Montgomery St,Atlanta,Fulton,GA,770-679-4752,770-930-9967,renea@hotmail.com,79,77,84,77,78.0
303,Olive,Matuszak,13252 Lighthouse Ave,Cathedral City,Riverside,CA,760-938-6069,760-745-2649,olive@aol.com,82,95,78,94,88.0
304,Ligia,Reiber,206 Main St #2804,Lansing,Ingham,MI,517-906-1108,517-747-7664,lreiber@cox.net,87,87,83,87,87.0
305,Christiane,Eschberger,96541 W Central Blvd,Phoenix,Maricopa,AZ,602-390-4944,602-330-6894,christiane.eschberger@yahoo.com,82,92,96,76,87.0
306,Goldie,Schirpke,34 Saint George Ave #2,Bangor,Penobscot,ME,207-295-7569,207-748-3722,goldie.schirpke@yahoo.com,73,88,84,81,82.5
307,Loreta,Timenez,47857 Coney Island Ave,Clinton,Prince Georges,MD,301-696-6420,301-392-6698,loreta.timenez@hotmail.com,97,75,76,89,82.5
308,Fabiola,Hauenstein,8573 Lincoln Blvd,York,York,PA,717-809-3119,717-344-2804,fabiola.hauenstein@hauenstein.org,77,77,77,89,77.0
309,Amie,Perigo,596 Santa Maria Ave #7913,Mesquite,Dallas,TX,972-419-7946,972-898-1033,amie.perigo@yahoo.com,75,91,81,76,78.5
310,Raina,Brachle,3829 Ventura Blvd,Butte,Silver Bow,MT,406-318-1515,406-374-7752,raina.brachle@brachle.org,87,82,74,93,84.5
311,Erinn,Canlas,13 S Hacienda Dr,Livingston,Essex,NJ,973-767-3008,973-563-9502,erinn.canlas@canlas.com,79,90,81,80,80.5
312,Cherry,Lietz,40 9th Ave Sw #91,Waterford,Oakland,MI,248-980-6904,248-697-7722,cherry@lietz.com,90,96,83,98,93.0
313,Kattie,Vonasek,2845 Boulder Crescent St,Cleveland,Cuyahoga,OH,216-923-3715,216-270-9653,kattie@vonasek.org,88,87,94,91,89.5
314,Lilli,Scriven,33 State St,Abilene,Taylor,TX,325-631-1560,325-667-7868,lilli@aol.com,91,75,77,91,84.0
315,Whitley,Tomasulo,2 S 15th St,Fort Worth,Tarrant,TX,817-526-4408,817-819-7799,whitley.tomasulo@aol.com,83,98,73,77,80.0
316,Barbra,Adkin,4 Kohler Memorial Dr,Brooklyn,Kings,NY,718-201-3751,718-732-9475,badkin@hotmail.com,77,88,76,95,82.5
317,Hermila,Thyberg,1 Rancho Del Mar Shopping C,Providence,Providence,RI,401-893-4882,401-885-7681,hermila_thyberg@hotmail.com,86,88,92,94,90.0
318,Jesusita,Flister,3943 N Highland Ave,Lancaster,Lancaster,PA,717-885-9118,717-686-7564,jesusita.flister@hotmail.com,92,79,92,83,87.5
319,Caitlin,Julia,5 Williams St,Johnston,Providence,RI,401-948-4982,401-552-9059,caitlin.julia@julia.org,73,73,84,79,76.0
320,Roosevelt,Hoffis,60 Old Dover Rd,Hialeah,Miami-Dade,FL,305-622-4739,305-302-1135,roosevelt.hoffis@aol.com,95,98,78,92,93.5
321,Helaine,Halter,8 Sheridan Rd,Jersey City,Hudson,NJ,201-832-4168,201-412-3040,hhalter@yahoo.com,86,74,87,87,86.5
322,Lorean,Martabano,85092 Southern Blvd,San Antonio,Bexar,TX,210-856-4979,210-634-2447,lorean.martabano@hotmail.com,91,92,81,88,89.5
323,France,Buzick,64 Newman Springs Rd E,Brooklyn,Kings,NY,718-478-8504,718-853-3740,france.buzick@yahoo.com,83,84,84,86,84.0
324,Justine,Ferrario,48 Stratford Ave,Pomona,Los Angeles,CA,909-993-3242,909-631-5703,jferrario@hotmail.com,80,73,77,97,78.5
325,Adelina,Nabours,80 Pittsford Victor Rd #9,Cleveland,Cuyahoga,OH,216-230-4892,216-937-5320,adelina_nabours@gmail.com,96,88,98,80,92.0
326,Derick,Dhamer,87163 N Main Ave,New York,New York,NY,212-304-4515,212-225-9676,ddhamer@cox.net,98,81,93,73,87.0
327,Jerry,Dallen,393 Lafayette Ave,Richmond,Richmond City,VA,804-762-9576,804-808-9574,jerry.dallen@yahoo.com,83,87,89,75,85.0
328,Leota,Ragel,99 5th Ave #33,Trion,Chattooga,GA,706-221-4243,706-616-5131,leota.ragel@gmail.com,90,81,73,81,81.0
329,Jutta,Amyot,49 N Mays St,Broussard,Lafayette,LA,337-515-1438,337-991-8070,jamyot@hotmail.com,85,74,98,80,82.5
330,Aja,Gehrett,993 Washington Ave,Nutley,Essex,NJ,973-544-2677,973-986-4456,aja_gehrett@hotmail.com,83,89,85,85,85.0
331,Kirk,Herritt,88 15th Ave Ne,Vestal,Broome,NY,607-407-3716,607-350-7690,kirk.herritt@aol.com,75,94,96,85,89.5
332,Leonora,Mauson,3381 E 40th Ave,Passaic,Passaic,NJ,973-412-2995,973-355-2120,leonora@yahoo.com,77,89,84,87,85.5
333,Winfred,Brucato,201 Ridgewood Rd,Moscow,Latah,ID,208-252-4552,208-793-4108,winfred_brucato@hotmail.com,73,75,82,76,75.5
334,Tarra,Nachor,39 Moccasin Dr,San Francisco,San Francisco,CA,415-411-1775,415-284-2730,tarra.nachor@cox.net,80,88,73,84,82.0
335,Corinne,Loder,4 Carroll St,North Attleboro,Bristol,MA,508-942-4186,508-618-7826,corinne@loder.org,76,85,84,76,80.0
336,Dulce,Labreche,9581 E Arapahoe Rd,Rochester,Oakland,MI,248-357-8718,248-811-5696,dulce_labreche@yahoo.com,89,95,80,76,84.5
337,Kate,Keneipp,33 N Michigan Ave,Green Bay,Brown,WI,920-353-6377,920-355-1610,kate_keneipp@yahoo.com,75,79,76,78,77.0
338,Kaitlyn,Ogg,2 S Biscayne Blvd,Baltimore,Baltimore City,MD,410-665-4903,410-773-3862,kaitlyn.ogg@gmail.com,91,94,93,75,92.0
339,Sherita,Saras,8 Us Highway 22,Colorado Springs,El Paso,CO,719-669-1664,719-547-9543,sherita.saras@cox.net,94,94,87,98,94.0
340,Lashawnda,Stuer,7422 Martin Ave #8,Toledo,Lucas,OH,419-588-8719,419-399-1744,lstuer@cox.net,85,94,83,76,84.0
341,Ernest,Syrop,94 Chase Rd,Hyattsville,Prince Georges,MD,301-998-9644,301-257-4883,ernest@cox.net,76,98,91,88,89.5
342,Nobuko,Halsey,8139 I Hwy 10 #92,New Bedford,Bristol,MA,508-855-9887,508-897-7916,nobuko.halsey@yahoo.com,87,98,76,80,83.5
343,Lavonna,Wolny,5 Cabot Rd,Mc Lean,Fairfax,VA,703-483-1970,703-892-2914,lavonna.wolny@hotmail.com,88,81,75,85,83.0
344,Lashaunda,Lizama,3387 Ryan Dr,Hanover,Anne Arundel,MD,410-678-2473,410-912-6032,llizama@cox.net,85,93,85,90,87.5
345,Mariann,Bilden,3125 Packer Ave #9851,Austin,Travis,TX,512-223-4791,512-742-1149,mariann.bilden@aol.com,95,78,81,97,88.0
346,Helene,Rodenberger,347 Chestnut St,Peoria,Maricopa,AZ,623-461-8551,623-426-4907,helene@aol.com,88,92,78,84,86.0
347,Roselle,Estell,8116 Mount Vernon Ave,Bucyrus,Crawford,OH,419-571-5920,419-488-6648,roselle.estell@hotmail.com,92,90,80,75,85.0
348,Samira,Heintzman,8772 Old County Rd #5410,Kent,King,WA,206-311-4137,206-923-6042,sheintzman@hotmail.com,83,79,91,92,87.0
349,Margart,Meisel,868 State St #38,Cincinnati,Hamilton,OH,513-617-2362,513-747-9603,margart_meisel@yahoo.com,92,75,93,97,92.5
350,Kristofer,Bennick,772 W River Dr,Bloomington,Monroe,IN,812-368-1511,812-442-8544,kristofer.bennick@yahoo.com,93,75,84,97,88.5
351,Weldon,Acuff,73 W Barstow Ave,Arlington Heights,Cook,IL,847-353-2156,847-613-5866,wacuff@gmail.com,79,74,83,81,80.0
352,Shalon,Shadrick,61047 Mayfield Ave,Brooklyn,Kings,NY,718-232-2337,718-394-4974,shalon@cox.net,75,88,96,89,88.5
353,Denise,Patak,2139 Santa Rosa Ave,Orlando,Orange,FL,407-446-4358,407-808-3254,denise@patak.org,92,98,91,89,91.5
354,Louvenia,Beech,598 43rd St,Beverly Hills,Los Angeles,CA,310-820-2117,310-652-2379,louvenia.beech@beech.com,95,98,95,93,95.0
355,Audry,Yaw,70295 Pioneer Ct,Brandon,Hillsborough,FL,813-797-4816,813-744-7100,audry.yaw@yaw.org,78,87,95,78,82.5
356,Kristel,Ehmann,92899 Kalakaua Ave,El Paso,El Paso,TX,915-452-1290,915-300-6100,kristel.ehmann@aol.com,96,79,84,87,85.5
357,Vincenza,Zepp,395 S 6th St #2,El Cajon,San Diego,CA,619-603-5125,619-935-6661,vzepp@gmail.com,84,82,92,73,83.0
358,Elouise,Gwalthney,9506 Edgemore Ave,Bladensburg,Prince Georges,MD,301-841-5012,301-591-3034,egwalthney@yahoo.com,88,88,86,73,87.0
359,Venita,Maillard,72119 S Walker Ave #63,Anaheim,Orange,CA,714-523-6653,714-663-9740,venita_maillard@gmail.com,90,73,93,98,91.5
360,Kasandra,Semidey,369 Latham St #500,Saint Louis,Saint Louis City,MO,314-732-9131,314-697-3652,kasandra_semidey@semidey.com,97,97,81,81,89.0
361,Xochitl,Discipio,3158 Runamuck Pl,Round Rock,Williamson,TX,512-233-1831,512-942-3411,xdiscipio@gmail.com,83,97,73,73,78.0
362,Maile,Linahan,9 Plainsboro Rd #598,Greensboro,Guilford,NC,336-670-2640,336-364-6037,mlinahan@yahoo.com,83,80,73,76,78.0
363,Krissy,Rauser,8728 S Broad St,Coram,Suffolk,NY,631-443-4710,631-288-2866,krauser@cox.net,81,83,88,89,85.5
364,Pete,Dubaldi,2215 Prosperity Dr,Lyndhurst,Bergen,NJ,201-825-2514,201-749-8866,pdubaldi@hotmail.com,82,98,81,91,86.5
365,Linn,Paa,1 S Pine St,Memphis,Shelby,TN,901-412-4381,901-573-9024,linn_paa@paa.com,84,78,77,88,81.0
366,Paris,Wide,187 Market St,Atlanta,Fulton,GA,404-505-4445,404-607-8435,paris@hotmail.com,83,82,78,78,80.0
367,Wynell,Dorshorst,94290 S Buchanan St,Pacifica,San Mateo,CA,650-473-1262,650-749-9879,wynell_dorshorst@dorshorst.org,90,94,96,81,92.0
368,Quentin,Birkner,7061 N 2nd St,Burnsville,Dakota,MN,952-702-7993,952-314-5871,qbirkner@aol.com,90,73,91,95,90.5
369,Regenia,Kannady,10759 Main St,Scottsdale,Maricopa,AZ,480-726-1280,480-205-5121,regenia.kannady@cox.net,75,76,79,82,77.5
370,Sheron,Louissant,97 E 3rd St #9,Long Island City,Queens,NY,718-976-8610,718-613-9994,sheron@aol.com,94,90,90,80,90.0
371,Izetta,Funnell,82 Winsor St #54,Atlanta,Dekalb,GA,770-844-3447,770-584-4119,izetta.funnell@hotmail.com,80,80,79,79,79.5
372,Rodolfo,Butzen,41 Steel Ct,Northfield,Rice,MN,507-210-3510,507-590-5237,rodolfo@hotmail.com,81,81,89,74,81.0
373,Zona,Colla,49440 Dearborn St,Norwalk,Fairfield,CT,203-461-1949,203-938-2557,zona@hotmail.com,76,88,89,85,86.5
374,Serina,Zagen,7 S Beverly Dr,Fort Wayne,Allen,IN,260-273-3725,260-382-4869,szagen@aol.com,95,81,80,96,88.0
375,Paz,Sahagun,919 Wall Blvd,Meridian,Lauderdale,MS,601-927-8287,601-249-4511,paz_sahagun@cox.net,95,74,82,93,87.5
376,Markus,Lukasik,89 20th St E #779,Sterling Heights,Macomb,MI,586-970-7380,586-247-1614,markus@yahoo.com,95,96,92,92,93.5
377,Jaclyn,Bachman,721 Interstate 45 S,Colorado Springs,El Paso,CO,719-853-3600,719-223-2074,jaclyn@aol.com,89,95,85,78,87.0
378,Cyril,Daufeldt,3 Lawton St,New York,New York,NY,212-745-8484,212-422-5427,cyril_daufeldt@daufeldt.com,97,96,73,87,91.5
379,Gayla,Schnitzler,38 Pleasant Hill Rd,Hayward,Alameda,CA,510-686-3407,510-441-4055,gschnitzler@gmail.com,90,83,77,84,83.5
380,Erick,Nievas,45 E Acacia Ct,Chicago,Cook,IL,773-704-9903,773-359-6109,erick_nievas@aol.com,88,89,75,73,81.5
381,Jennie,Drymon,63728 Poway Rd #1,Scranton,Lackawanna,PA,570-218-4831,570-868-8688,jennie@cox.net,77,98,73,75,76.0
382,Mitsue,Scipione,77 222 Dr,Oroville,Butte,CA,530-986-9272,530-399-3254,mscipione@scipione.com,83,75,87,87,85.0
383,Ciara,Ventura,53 W Carey St,Port Jervis,Orange,NY,845-823-8877,845-694-7919,cventura@yahoo.com,88,88,74,95,88.0
384,Galen,Cantres,617 Nw 36th Ave,Brook Park,Cuyahoga,OH,216-600-6111,216-871-6876,galen@yahoo.com,85,95,74,98,90.0
385,Truman,Feichtner,539 Coldwater Canyon Ave,Bloomfield,Essex,NJ,973-852-2736,973-473-5108,tfeichtner@yahoo.com,75,77,94,86,81.5
386,Gail,Kitty,735 Crawford Dr,Anchorage,Anchorage,AK,907-435-9166,907-770-3542,gail@kitty.com,94,78,89,98,91.5
387,Dalene,Schoeneck,910 Rahway Ave,Philadelphia,Philadelphia,PA,215-268-1275,215-380-8820,dalene@schoeneck.org,94,94,74,96,94.0
388,Gertude,Witten,7 Tarrytown Rd,Cincinnati,Hamilton,OH,513-977-7043,513-863-9471,gertude.witten@gmail.com,79,87,95,76,83.0
389,Lizbeth,Kohl,35433 Blake St #588,Gardena,Los Angeles,CA,310-699-1222,310-955-5788,lizbeth@yahoo.com,96,98,89,79,92.5
390,Glenn,Berray,29 Cherry St #7073,Des Moines,Polk,IA,515-370-7348,515-372-1738,gberray@gmail.com,74,87,84,81,82.5
391,Lashandra,Klang,810 N La Brea Ave,King of Prussia,Montgomery,PA,610-809-1818,610-378-7332,lashandra@yahoo.com,76,90,90,83,86.5
392,Lenna,Newville,987 Main St,Raleigh,Wake,NC,919-623-2524,919-254-5987,lnewville@newville.com,95,92,95,95,95.0
393,Laurel,Pagliuca,36 Enterprise St Se,Richland,Benton,WA,509-695-5199,509-595-6485,laurel@yahoo.com,74,77,82,87,79.5
394,Mireya,Frerking,8429 Miller Rd,Pelham,Westchester,NY,914-868-5965,914-883-3061,mireya.frerking@hotmail.com,84,88,88,78,86.0
395,Annelle,Tagala,5 W 7th St,Parkville,Baltimore,MD,410-757-1035,410-234-2267,annelle@yahoo.com,85,89,76,97,87.0
396,Dean,Ketelsen,2 Flynn Rd,Hicksville,Nassau,NY,516-847-4418,516-732-6649,dean_ketelsen@gmail.com,96,74,98,84,90.0
397,Levi,Munis,2094 Ne 36th Ave,Worcester,Worcester,MA,508-456-4907,508-658-7802,levi.munis@gmail.com,91,84,98,80,87.5
398,Sylvie,Ryser,649 Tulane Ave,Tulsa,Tulsa,OK,918-644-9555,918-565-1706,sylvie@aol.com,78,79,92,91,85.0
399,Sharee,Maile,2094 Montour Blvd,Muskegon,Muskegon,MI,231-467-9978,231-265-6940,sharee_maile@aol.com,86,84,89,73,85.0
400,Cordelia,Storment,393 Hammond Dr,Lafayette,Lafayette,LA,337-566-6001,337-255-3427,cordelia_storment@aol.com,96,85,80,98,90.5
401,Mollie,Mcdoniel,8590 Lake Lizzie Dr,Bowling Green,Wood,OH,419-975-3182,419-417-4674,mollie_mcdoniel@yahoo.com,89,77,88,96,88.5
402,Brett,Mccullan,87895 Concord Rd,La Mesa,San Diego,CA,619-461-9984,619-727-3892,brett.mccullan@mccullan.com,80,77,76,79,78.0
403,Teddy,Pedrozo,46314 Route 130,Bridgeport,Fairfield,CT,203-892-3863,203-918-3939,teddy_pedrozo@aol.com,82,92,74,80,81.0
404,Tasia,Andreason,4 Cowesett Ave,Kearny,Hudson,NJ,201-920-9002,201-969-7063,tasia_andreason@yahoo.com,83,83,82,86,83.0
405,Hubert,Walthall,95 Main Ave #2,Barberton,Summit,OH,330-903-1345,330-566-8898,hubert@walthall.org,82,87,89,74,84.5
406,Arthur,Farrow,28 S 7th St #2824,Englewood,Bergen,NJ,201-238-5688,201-772-4377,arthur.farrow@yahoo.com,88,87,82,94,87.5
407,Vilma,Berlanga,79 S Howell Ave,Grand Rapids,Kent,MI,616-737-3085,616-568-4113,vberlanga@berlanga.com,94,86,73,86,86.0
408,Billye,Miro,36 Lancaster Dr Se,Pearl,Rankin,MS,601-567-5386,601-637-5479,billye_miro@cox.net,93,82,89,82,85.5
409,Glenna,Slayton,2759 Livingston Ave,Memphis,Shelby,TN,901-640-9178,901-869-4314,glenna_slayton@cox.net,80,77,86,87,83.0
410,Mitzie,Hudnall,17 Jersey Ave,Englewood,Arapahoe,CO,303-402-1940,303-997-7760,mitzie_hudnall@yahoo.com,76,92,88,88,88.0
411,Bernardine,Rodefer,2 W Grand Ave,Memphis,Shelby,TN,901-901-4726,901-739-5892,bernardine_rodefer@yahoo.com,83,90,91,81,86.5
412,Staci,Schmaltz,18 Coronado Ave #563,Pasadena,Los Angeles,CA,626-866-2339,626-293-7678,staci_schmaltz@aol.com,84,90,88,83,86.0
413,Nichelle,Meteer,72 Beechwood Ter,Chicago,Cook,IL,773-225-9985,773-857-2231,nichelle_meteer@meteer.com,74,77,81,96,79.0
414,Janine,Rhoden,92 Broadway,Astoria,Queens,NY,718-228-5894,718-728-5051,jrhoden@yahoo.com,77,91,91,95,91.0
415,Ettie,Hoopengardner,39 Franklin Ave,Richland,Benton,WA,509-755-5393,509-847-3352,ettie.hoopengardner@hotmail.com,82,79,79,92,80.5
416,Eden,Jayson,4 Iwaena St,Baltimore,Baltimore City,MD,410-890-7866,410-429-4888,eden_jayson@yahoo.com,92,98,81,84,88.0
417,Lynelle,Auber,32820 Corkwood Rd,Newark,Essex,NJ,973-860-8610,973-605-6492,lynelle_auber@gmail.com,93,77,88,74,82.5
418,Merissa,Tomblin,34 Raritan Center Pky,Bellflower,Los Angeles,CA,562-579-6900,562-719-7922,merissa.tomblin@gmail.com,86,78,84,82,83.0
419,Golda,Kaniecki,6201 S Nevada Ave,Toms River,Ocean,NJ,732-628-9909,732-617-5310,golda_kaniecki@yahoo.com,83,78,88,75,80.5
420,Catarina,Gleich,78 Maryland Dr #146,Denville,Morris,NJ,973-210-3994,973-491-8723,catarina_gleich@hotmail.com,86,83,93,90,88.0
421,Virgie,Kiel,76598 Rd  I 95 #1,Denver,Denver,CO,303-776-7548,303-845-5408,vkiel@hotmail.com,97,76,84,93,88.5
422,Jolene,Ostolaza,1610 14th St Nw,Newport News,Newport News City,VA,757-682-7116,757-940-1741,jolene@yahoo.com,85,80,84,81,82.5
423,Keneth,Borgman,86350 Roszel Rd,Phoenix,Maricopa,AZ,602-919-4211,602-442-3092,keneth@yahoo.com,80,90,81,95,85.5
424,Rikki,Nayar,1644 Clove Rd,Miami,Miami-Dade,FL,305-968-9487,305-978-2069,rikki@nayar.com,87,81,96,86,86.5
425,Elke,Sengbusch,9 W Central Ave,Phoenix,Maricopa,AZ,602-896-2993,602-575-3457,elke_sengbusch@yahoo.com,83,75,98,74,79.0
426,Hoa,Sarao,27846 Lafayette Ave,Oak Hill,Volusia,FL,386-526-7800,386-599-7296,hoa@sarao.org,87,92,89,91,90.0
427,Trinidad,Mcrae,10276 Brooks St,San Francisco,San Francisco,CA,415-331-9634,415-419-1597,trinidad_mcrae@yahoo.com,95,83,73,82,82.5
428,Mari,Lueckenbach,1 Century Park E,San Diego,San Diego,CA,858-793-9684,858-228-5683,mari_lueckenbach@yahoo.com,88,76,91,83,85.5
429,Selma,Husser,9 State Highway 57 #22,Jersey City,Hudson,NJ,201-991-8369,201-772-7699,selma.husser@cox.net,89,84,88,82,86.0
430,Antione,Onofrio,4 S Washington Ave,San Bernardino,San Bernardino,CA,909-430-7765,909-665-3223,aonofrio@onofrio.com,81,95,92,91,91.5
431,Luisa,Jurney,25 Se 176th Pl,Cambridge,Middlesex,MA,617-365-2134,617-544-2541,ljurney@hotmail.com,98,93,85,81,89.0
432,Clorinda,Heimann,105 Richmond Valley Rd,Escondido,San Diego,CA,760-291-5497,760-261-4786,clorinda.heimann@hotmail.com,76,86,93,73,81.0
433,Dick,Wenzinger,22 Spruce St #595,Gardena,Los Angeles,CA,310-510-9713,310-936-2258,dick@yahoo.com,91,75,87,75,81.0
434,Ahmed,Angalich,2 W Beverly Blvd,Harrisburg,Dauphin,PA,717-528-8996,717-632-5831,ahmed.angalich@angalich.com,82,78,84,75,80.0
435,Iluminada,Ohms,72 Southern Blvd,Mesa,Maricopa,AZ,480-293-2882,480-866-6544,iluminada.ohms@yahoo.com,90,77,81,83,82.0
436,Joanna,Leinenbach,1 Washington St,Lake Worth,Palm Beach,FL,561-470-4574,561-951-9734,joanna_leinenbach@hotmail.com,76,87,79,76,77.5
437,Caprice,Suell,90177 N 55th Ave,Nashville,Davidson,TN,615-246-1824,615-726-4537,caprice@aol.com,75,93,82,77,79.5
438,Stephane,Myricks,9 Tower Ave,Burlington,Boone,KY,859-717-7638,859-308-4286,stephane_myricks@cox.net,79,73,91,89,84.0
439,Quentin,Swayze,278 Bayview Ave,Milan,Monroe,MI,734-561-6170,734-851-8571,quentin_swayze@yahoo.com,81,94,84,94,89.0
440,Annmarie,Castros,80312 W 32nd St,Conroe,Montgomery,TX,936-751-7961,936-937-2334,annmarie_castros@gmail.com,73,84,90,97,87.0
441,Shonda,Greenbush,82 Us Highway 46,Clifton,Passaic,NJ,973-482-2430,973-644-2974,shonda_greenbush@cox.net,95,95,79,77,87.0
442,Cecil,Lapage,4 Stovall St #72,Union City,Hudson,NJ,201-693-3967,201-856-2720,clapage@lapage.com,77,92,77,94,84.5
443,Jeanice,Claucherty,19 Amboy Ave,Miami,Miami-Dade,FL,305-988-4162,305-306-7834,jeanice.claucherty@yahoo.com,86,83,76,86,84.5
444,Josphine,Villanueva,63 Smith Ln #8343,Moss,Clay,TN,931-553-9774,931-486-6946,josphine_villanueva@villanueva.com,87,81,80,89,84.0
445,Daniel,Perruzza,11360 S Halsted St,Santa Ana,Orange,CA,714-771-3880,714-531-1391,dperruzza@perruzza.com,97,89,76,74,82.5
446,Cassi,Wildfong,26849 Jefferson Hwy,Rolling Meadows,Cook,IL,847-633-3216,847-755-9041,cassi.wildfong@aol.com,80,89,78,78,79.0
447,Britt,Galam,2500 Pringle Rd Se #508,Hatfield,Montgomery,PA,215-888-3304,215-351-8523,britt@galam.org,95,90,74,95,92.5
448,Adell,Lipkin,65 Mountain View Dr,Whippany,Morris,NJ,973-654-1561,973-662-8988,adell.lipkin@lipkin.com,95,97,77,75,86.0
449,Jacqueline,Rowling,1 N San Saba,Erie,Erie,PA,814-865-8113,814-481-1700,jacqueline.rowling@yahoo.com,80,74,76,96,78.0
450,Lonny,Weglarz,51120 State Route 18,Salt Lake City,Salt Lake,UT,801-293-9853,801-892-8781,lonny_weglarz@gmail.com,89,74,73,86,80.0
451,Lonna,Diestel,1482 College Ave,Fayetteville,Cumberland,NC,910-922-3672,910-200-7912,lonna_diestel@gmail.com,73,93,96,83,88.0
452,Cristal,Samara,4119 Metropolitan Dr,Los Angeles,Los Angeles,CA,213-975-8026,213-696-8004,cristal@cox.net,77,78,88,79,78.5
453,Kenneth,Grenet,2167 Sierra Rd,East Lansing,Ingham,MI,517-499-2322,517-867-8077,kenneth.grenet@grenet.org,97,93,97,86,95.0
454,Elli,Mclaird,6 Sunrise Ave,Utica,Oneida,NY,315-818-2638,315-474-5570,emclaird@mclaird.com,81,76,85,90,83.0
455,Alline,Jeanty,55713 Lake City Hwy,South Bend,St Joseph,IN,574-656-2800,574-405-1983,ajeanty@gmail.com,74,74,96,95,84.5
456,Sharika,Eanes,75698 N Fiesta Blvd,Orlando,Orange,FL,407-312-1691,407-472-1332,sharika.eanes@aol.com,75,85,81,81,81.0
457,Nu,Mcnease,88 Sw 28th Ter,Harrison,Hudson,NJ,973-751-9003,973-903-4175,nu@gmail.com,98,90,83,85,87.5
458,Daniela,Comnick,7 Flowers Rd #403,Trenton,Mercer,NJ,609-200-8577,609-398-2805,dcomnick@cox.net,87,97,86,79,86.5
459,Cecilia,Colaizzo,4 Nw 12th St #3849,Madison,Dane,WI,608-382-4541,608-302-3387,cecilia_colaizzo@colaizzo.com,88,97,76,86,87.0
460,Leslie,Threets,2 A Kelley Dr,Katonah,Westchester,NY,914-861-9748,914-396-2615,leslie@cox.net,82,94,77,90,86.0
461,Nan,Koppinger,88827 Frankford Ave,Greensboro,Guilford,NC,336-370-5333,336-564-1492,nan@koppinger.com,79,98,75,93,86.0
462,Izetta,Dewar,2 W Scyene Rd #3,Baltimore,Baltimore City,MD,410-473-1708,410-522-7621,idewar@dewar.com,86,92,87,77,86.5
463,Tegan,Arceo,62260 Park Stre,Monroe Township,Middlesex,NJ,732-730-2692,732-705-6719,tegan.arceo@arceo.org,92,90,84,83,87.0
464,Ruthann,Keener,3424 29th St Se,Kerrville,Kerr,TX,830-258-2769,830-919-5991,ruthann@hotmail.com,94,76,97,74,85.0
465,Joni,Breland,35 E Main St #43,Elk Grove Village,Cook,IL,847-519-5906,847-740-5304,joni_breland@cox.net,87,94,79,73,83.0
466,Vi,Rentfro,7163 W Clark Rd,Freehold,Monmouth,NJ,732-605-4781,732-724-7251,vrentfro@cox.net,79,77,73,87,78.0
467,Colette,Kardas,21575 S Apple Creek Rd,Omaha,Douglas,NE,402-896-5943,402-707-1602,colette.kardas@yahoo.com,98,73,89,94,91.5
468,Malcolm,Tromblay,747 Leonis Blvd,Annandale,Fairfax,VA,703-221-5602,703-874-4248,malcolm_tromblay@cox.net,90,98,76,80,85.0
469,Ryan,Harnos,13 Gunnison St,Plano,Collin,TX,972-558-1665,972-961-4968,ryan@cox.net,81,90,79,90,85.5
470,Jess,Chaffins,18 3rd Ave,New York,New York,NY,212-510-4633,212-428-9538,jess.chaffins@chaffins.org,93,98,82,79,87.5
471,Sharen,Bourbon,62 W Austin St,Syosset,Nassau,NY,516-816-1541,516-749-3188,sbourbon@yahoo.com,76,86,86,77,81.5
472,Nickolas,Juvera,177 S Rider Trl #52,Crystal River,Citrus,FL,352-598-8301,352-947-6152,nickolas_juvera@cox.net,96,80,77,78,79.0
473,Gary,Nunlee,2 W Mount Royal Ave,Fortville,Hancock,IN,317-542-6023,317-887-8486,gary_nunlee@nunlee.org,77,82,83,89,82.5
474,Diane,Devreese,1953 Telegraph Rd,Saint Joseph,Buchanan,MO,816-557-9673,816-329-5565,diane@cox.net,81,74,83,98,82.0
475,Roslyn,Chavous,63517 Dupont St,Jackson,Hinds,MS,601-234-9632,601-973-5754,roslyn.chavous@chavous.org,89,81,96,79,85.0
476,Glory,Schieler,5 E Truman Rd,Abilene,Taylor,TX,325-869-2649,325-740-3778,glory@yahoo.com,77,83,94,74,80.0
477,Rasheeda,Sayaphon,251 Park Ave #979,Saratoga,Santa Clara,CA,408-805-4309,408-997-7490,rasheeda@aol.com,96,80,97,92,94.0
478,Alpha,Palaia,43496 Commercial Dr #29,Cherry Hill,Camden,NJ,856-312-2629,856-513-7024,alpha@yahoo.com,87,93,95,90,91.5
479,Refugia,Jacobos,2184 Worth St,Hayward,Alameda,CA,510-974-8671,510-509-3496,refugia.jacobos@jacobos.com,97,81,89,96,92.5
480,Shawnda,Yori,50126 N Plankinton Ave,Longwood,Seminole,FL,407-538-5106,407-564-8113,shawnda.yori@yahoo.com,91,77,97,75,84.0
481,Mona,Delasancha,38773 Gravois Ave,Cheyenne,Laramie,WY,307-403-1488,307-816-7115,mdelasancha@hotmail.com,83,85,93,84,84.5
482,Gilma,Liukko,16452 Greenwich St,Garden City,Nassau,NY,516-393-9967,516-407-9573,gilma_liukko@gmail.com,81,78,81,84,81.0
483,Janey,Gabisi,40 Cambridge Ave,Madison,Dane,WI,608-967-7194,608-586-6912,jgabisi@hotmail.com,89,95,74,93,91.0
484,Lili,Paskin,20113 4th Ave E,Kearny,Hudson,NJ,201-431-2989,201-478-8540,lili.paskin@cox.net,95,90,73,81,85.5
485,Loren,Asar,6 Ridgewood Center Dr,Old Forge,Lackawanna,PA,570-648-3035,570-569-2356,loren.asar@aol.com,80,87,81,94,84.0
486,Dorothy,Chesterfield,469 Outwater Ln,San Diego,San Diego,CA,858-617-7834,858-732-1884,dorothy@cox.net,92,74,82,91,86.5
487,Gail,Similton,62 Monroe St,Thousand Palms,Riverside,CA,760-616-5388,760-493-9208,gail_similton@similton.com,74,82,96,73,78.0
488,Catalina,Tillotson,3338 A Lockport Pl #6,Margate City,Atlantic,NJ,609-373-3332,609-826-4990,catalina@hotmail.com,90,93,83,79,86.5
489,Lawrence,Lorens,9 Hwy,Providence,Providence,RI,401-465-6432,401-893-1820,lawrence.lorens@hotmail.com,77,91,97,98,94.0
490,Carlee,Boulter,8284 Hart St,Abilene,Dickinson,KS,785-347-1805,785-253-7049,carlee.boulter@hotmail.com,94,90,81,75,85.5
491,Thaddeus,Ankeny,5 Washington St #1,Roseville,Placer,CA,916-920-3571,916-459-2433,tankeny@ankeny.org,79,95,78,73,78.5
492,Jovita,Oles,8 S Haven St,Daytona Beach,Volusia,FL,386-248-4118,386-208-6976,joles@gmail.com,74,81,76,82,78.5
493,Alesia,Hixenbaugh,9 Front St,Washington,District of Columbia,DC,202-646-7516,202-276-6826,alesia_hixenbaugh@hixenbaugh.org,83,87,85,95,86.0
494,Lai,Harabedian,1933 Packer Ave #2,Novato,Marin,CA,415-423-3294,415-926-6089,lai@gmail.com,83,77,83,91,83.0
495,Brittni,Gillaspie,67 Rv Cent,Boise,Ada,ID,208-709-1235,208-206-9848,bgillaspie@gillaspie.com,96,91,94,95,94.5
496,Raylene,Kampa,2 Sw Nyberg Rd,Elkhart,Elkhart,IN,574-499-1454,574-330-1884,rkampa@kampa.org,93,75,78,91,84.5
497,Flo,Bookamer,89992 E 15th St,Alliance,Box Butte,NE,308-726-2182,308-250-6987,flo.bookamer@cox.net,78,75,74,93,76.5
498,Jani,Biddy,61556 W 20th Ave,Seattle,King,WA,206-711-6498,206-395-6284,jbiddy@yahoo.com,93,80,78,73,79.0
499,Chauncey,Motley,63 E Aurora Dr,Orlando,Orange,FL,407-413-4842,407-557-8857,chauncey_motley@aol.com,87,96,78,78,82.5
